Image Name,Image Size,Last Modified Date
image_1.jpg,27.51 KB,8/22/2023
image_2.jpg,20.92 KB,8/22/2023
image_3.jpg,27.89 KB,8/22/2023
image_4.jpg,22.54 KB,8/22/2023
image_5.jpg,26.62 KB,8/22/2023
image_6.jpg,24.44 KB,8/22/2023
image_7.jpg,15.58 KB,8/22/2023
image_8.jpg,29.22 KB,8/22/2023
image_9.jpg,24.93 KB,8/22/2023
image_10.jpg,32.06 KB,8/22/2023
image_11.jpg,20.79 KB,8/22/2023
image_12.jpg,23.42 KB,8/22/2023
image_13.jpg,22.08 KB,8/22/2023
image_14.jpg,18.65 KB,8/22/2023
image_15.jpg,26.75 KB,8/22/2023
image_16.jpg,28.39 KB,8/22/2023
image_17.jpg,23.74 KB,8/22/2023
image_18.jpg,26.64 KB,8/22/2023
image_19.jpg,26.72 KB,8/22/2023
image_20.jpg,24.87 KB,8/22/2023
image_21.jpg,23.05 KB,8/22/2023
image_22.jpg,21.33 KB,8/22/2023
image_23.jpg,26.89 KB,8/22/2023
image_24.jpg,27.48 KB,8/22/2023
image_25.jpg,20.54 KB,8/22/2023
image_26.jpg,26.18 KB,8/22/2023
image_27.jpg,20.81 KB,8/22/2023
image_28.jpg,23.58 KB,8/22/2023
image_29.jpg,26.24 KB,8/22/2023
image_30.jpg,21.80 KB,8/22/2023
image_31.jpg,23.73 KB,8/22/2023
image_32.jpg,15.50 KB,8/22/2023
image_33.jpg,21.91 KB,8/22/2023
image_34.jpg,21.27 KB,8/22/2023
image_35.jpg,17.51 KB,8/22/2023
image_36.jpg,22.28 KB,8/22/2023
